Title,Updated Description
Spider-Man,Un tímido estudiante es mordido por una araña radiactiva y adquiere asombrosas habilidades sobrehumanas para combatir el mal.
Spider-Man 2,Peter Parker lucha por equilibrar su vida universitaria mientras se enfrenta a un brillante científico convertido en el temible Doctor Octopus.
The Dark Knight,Batman enfrenta su mayor desafío psicológico cuando el anarquista conocido como el Joker desata el caos total en Ciudad Gótica.
Inception,Un hábil ladrón de secretos corporativos a través de los sueños recibe una última misión: implantar una idea en la mente de un heredero.
Interstellar,Ante una crisis global, un equipo de astronautas viaja a través de un agujero de gusano buscando un planeta habitable para salvar a la humanidad.
The Matrix,Un hacker informático descubre que la realidad es una compleja simulación virtual y se une a la resistencia humana contra las máquinas.
Gladiator,Un respetado general romano es traicionado y vendido como esclavo, forzado a luchar como gladiador para vengar el asesinato de su familia.
Titanic,Un apasionado romance florece entre dos pasajeros de distintas clases sociales a bordo del trágico y majestuoso transatlántico en 1912.
Toy Story,Los juguetes de un niño cobran vida propia y deben superar sus rivalidades cuando un moderno astronauta amenaza el liderazgo del vaquero Woody.
Shrek,Un ogro solitario y gruñón emprende una divertida misión junto a un burro parlante para rescatar a una princesa y recuperar su pantano.